"VisitorType","Revenue_int"
"New_Visitor",0.249114521841795
"Other",0.188235294117647
"Returning_Visitor",0.139323286892238
