"ProductRelated","fit","lwr","upr"
10,389.736127710211,370.607907397891,408.86434802253
25,945.388944340387,928.006990657079,962.770898023696
50,1871.47697205735,1852.89731391224,1890.05663020245
100,3723.65302749127,3692.16743929413,3755.13861568841
200,7428.00513835911,7360.7474056841,7495.26287103413
