"VisitorType","No_purchase","Purchase"
"New_Visitor",0.750885478158205,0.249114521841795
"Other",0.811764705882353,0.188235294117647
"Returning_Visitor",0.860676713107762,0.139323286892238
