"Month","Revenue_int"
"Feb",0.016304347826087
"Mar",0.100681699003671
"May",0.108501783590963
"June",0.100694444444444
"Jul",0.152777777777778
"Aug",0.175519630484988
"Sep",0.191964285714286
"Oct",0.209471766848816
"Nov",0.253502334889927
"Dec",0.12507237984945
