"Pages_viewed","Predicted_mean_seconds","Mean_CI_95_lower","Mean_CI_95_upper","Predicted_mean_minutes"
10,389.736127710211,370.607907397891,408.86434802253,6.49560212850351
25,945.388944340387,928.006990657079,962.770898023696,15.7564824056731
50,1871.47697205735,1852.89731391224,1890.05663020245,31.1912828676225
100,3723.65302749127,3692.16743929413,3755.13861568841,62.0608837915212
200,7428.00513835911,7360.7474056841,7495.26287103413,123.800085639319
