"Measure","Value"
"Purchase n","1908"
"Purchase mean","1876.2096148889"
"Purchase SD","2312.21439167297"
"No-purchase n","10422"
"No-purchase mean","1069.98780915444"
"No-purchase SD","1803.79775675192"
"Difference","806.221805734462"
"Welch t","14.4469889975526"
"Welch df","2350.27345415916"
"Two-sided p-value","0.00000000000000000000000000000000000000000000217379104377348"
"95% CI lower","696.788630216247"
"95% CI upper","915.654981252676"
"Decision","Reject H0"
